scenario_seed,strategy_id,map_width,map_height,max_turns,outcome,turns,final_depth,final_hp,final_gold,final_score,final_potions,final_level,final_xp,damage_taken,potions_used,bow_shots,brute_windups,brute_hits,brute_misses,brute_interrupted,brute_left_on_descent,goal_enemy_draws,goal_item_draws,goal_stairs_draws,goal_retained,kills_melee,kills_archer,kills_brute,brute_unresolved
1,aggressive_v1,44,28,500,dungeon_cleared,279,5,21,22,28,0,3,17,61,6,0,8,5,0,3,0,9,12,8,225,2,3,4,0
1,cautious_v1,44,28,500,dungeon_cleared,219,5,11,12,22,0,3,2,55,4,10,3,0,2,1,0,4,9,7,159,2,3,1,0
2,aggressive_v1,44,28,500,player_defeated,192,4,0,11,18,0,2,15,64,4,0,8,5,0,3,0,4,8,4,144,1,0,4,0
2,cautious_v1,44,28,500,dungeon_cleared,201,5,20,6,16,2,2,2,12,1,6,3,0,3,0,0,3,6,4,176,0,1,1,0
3,aggressive_v1,44,28,500,dungeon_cleared,218,5,17,16,20,0,2,14,47,4,0,4,4,0,0,0,0,7,6,187,4,0,2,0
3,cautious_v1,44,28,500,dungeon_cleared,200,5,20,12,16,2,2,4,17,1,0,4,0,4,0,0,0,3,6,177,4,0,0,0
4,aggressive_v1,44,28,500,dungeon_cleared,120,5,18,0,12,1,1,0,0,0,0,0,0,0,0,0,0,3,4,113,0,0,0,0
4,cautious_v1,44,28,500,dungeon_cleared,120,5,18,0,12,1,1,0,0,0,0,0,0,0,0,0,0,3,4,113,0,0,0,0
5,aggressive_v1,44,28,500,player_defeated,142,3,0,14,12,0,2,8,48,3,0,2,1,0,1,0,5,8,4,106,2,1,1,0
5,cautious_v1,44,28,500,dungeon_cleared,186,5,8,11,17,0,2,6,48,3,2,2,0,1,1,0,2,5,7,155,3,0,1,0
6,aggressive_v1,44,28,500,dungeon_cleared,231,5,12,12,22,0,3,1,60,5,0,7,5,0,2,0,2,8,6,178,0,1,4,0
6,cautious_v1,44,28,500,dungeon_cleared,229,5,18,4,14,3,1,5,0,0,2,10,0,10,0,0,1,7,4,182,0,0,1,0
7,aggressive_v1,44,28,500,dungeon_cleared,176,5,19,10,19,1,2,10,41,4,0,2,1,0,1,0,4,9,6,145,1,2,1,0
7,cautious_v1,44,28,500,player_defeated,163,4,0,7,14,0,2,5,67,5,5,0,0,0,0,0,3,11,7,122,1,2,0,0
8,aggressive_v1,44,28,500,dungeon_cleared,110,5,18,1,14,1,1,5,21,1,0,2,1,0,1,0,1,4,6,95,0,0,1,0
8,cautious_v1,44,28,500,dungeon_cleared,106,5,18,4,14,2,1,5,6,0,2,1,0,1,0,0,1,5,5,94,0,1,0,0
9,aggressive_v1,44,28,500,dungeon_cleared,188,5,20,8,17,2,2,5,44,4,0,1,1,0,0,0,11,9,5,143,1,1,1,0
9,cautious_v1,44,28,500,dungeon_cleared,128,5,20,9,19,2,2,10,12,1,7,3,0,2,1,0,4,5,6,106,1,2,1,0
10,aggressive_v1,44,28,500,player_defeated,184,4,0,13,17,0,2,13,56,3,0,4,4,0,0,0,2,6,10,149,2,0,3,0
10,cautious_v1,44,28,500,player_defeated,185,4,0,9,15,0,2,8,50,3,5,4,0,3,1,0,3,6,7,149,2,0,2,0
11,aggressive_v1,44,28,500,dungeon_cleared,157,5,16,11,20,0,2,12,40,3,0,4,3,0,1,0,7,6,6,103,0,2,2,0
11,cautious_v1,44,28,500,dungeon_cleared,183,5,20,5,17,3,2,5,18,1,10,3,0,3,0,0,4,8,5,146,1,1,1,0
12,aggressive_v1,44,28,500,dungeon_cleared,130,5,20,7,16,1,2,2,23,2,0,4,3,0,1,0,1,4,6,111,0,0,2,0
12,cautious_v1,44,28,500,dungeon_cleared,143,5,18,0,12,3,1,0,0,0,0,2,0,2,0,0,0,4,5,131,0,0,0,0
13,aggressive_v1,44,28,500,player_defeated,79,1,0,4,3,0,2,0,28,1,0,0,0,0,0,0,3,2,2,66,1,1,0,0
13,cautious_v1,44,28,500,dungeon_cleared,354,5,19,18,28,0,3,18,67,6,17,5,0,3,2,0,11,13,12,289,4,3,3,0
14,aggressive_v1,44,28,500,dungeon_cleared,133,5,20,10,18,1,2,7,22,1,0,4,3,0,1,0,2,6,6,109,0,0,3,0
14,cautious_v1,44,28,500,player_defeated,154,3,0,3,8,0,1,5,34,2,0,3,0,2,1,0,4,4,4,120,0,0,1,0
15,aggressive_v1,44,28,500,player_defeated,299,4,0,16,20,0,3,5,66,4,0,3,3,0,0,0,7,7,9,244,3,2,2,0
15,cautious_v1,44,28,500,player_defeated,328,4,0,10,16,0,2,11,60,4,3,7,0,6,1,0,3,9,12,270,3,1,1,0
16,aggressive_v1,44,28,500,dungeon_cleared,227,5,22,18,22,0,3,3,46,4,0,5,4,0,1,0,3,5,6,192,4,1,2,0
16,cautious_v1,44,28,500,dungeon_cleared,216,5,17,14,21,0,3,0,42,3,2,6,0,4,2,0,3,6,7,180,3,1,2,0
17,aggressive_v1,44,28,500,dungeon_cleared,174,5,18,4,17,1,2,5,31,2,0,2,1,0,1,0,3,4,4,145,1,1,1,0
17,cautious_v1,44,28,500,dungeon_cleared,174,5,20,4,17,2,2,5,15,1,6,0,0,0,0,0,3,5,5,149,1,1,1,0
18,aggressive_v1,44,28,500,dungeon_cleared,155,5,12,2,16,0,2,2,44,4,0,0,0,0,0,0,4,10,6,124,0,2,0,0
18,cautious_v1,44,28,500,dungeon_cleared,111,5,16,1,14,1,1,5,22,2,2,0,0,0,0,0,1,8,4,91,0,1,0,0
19,aggressive_v1,44,28,500,dungeon_cleared,99,5,18,1,14,1,1,5,7,0,0,2,1,0,1,0,0,4,5,87,0,0,1,0
19,cautious_v1,44,28,500,dungeon_cleared,96,5,18,0,12,1,1,0,0,0,0,1,0,1,0,0,0,3,4,88,0,0,0,0
20,aggressive_v1,44,28,500,dungeon_cleared,121,5,20,6,17,1,2,5,33,3,0,0,0,0,0,0,5,6,6,95,1,2,0,0
20,cautious_v1,44,28,500,dungeon_cleared,108,5,20,2,15,2,2,0,31,2,2,0,0,0,0,0,3,6,6,85,1,1,0,0
21,aggressive_v1,44,28,500,dungeon_cleared,169,5,20,7,18,0,2,8,49,5,0,2,1,0,1,0,2,10,5,139,2,1,1,0
21,cautious_v1,44,28,500,dungeon_cleared,86,5,16,2,13,1,1,3,6,0,0,0,0,0,0,0,0,2,5,77,1,0,0,0
22,aggressive_v1,44,28,500,dungeon_cleared,216,5,20,4,15,2,2,0,13,1,0,2,2,0,0,0,0,6,4,200,1,0,1,0
22,cautious_v1,44,28,500,dungeon_cleared,194,5,18,1,13,1,1,3,3,0,0,4,0,4,0,0,0,2,4,182,1,0,0,0
23,aggressive_v1,44,28,500,dungeon_cleared,239,5,20,5,15,2,2,0,13,1,0,2,1,0,1,0,0,7,5,221,1,0,1,0
23,cautious_v1,44,28,500,player_defeated,65,3,0,3,7,0,1,3,26,1,0,0,0,0,0,0,0,2,3,54,1,0,0,0
24,aggressive_v1,44,28,500,dungeon_cleared,198,5,20,12,18,1,2,8,39,4,0,0,0,0,0,0,4,10,6,164,2,2,0,0
24,cautious_v1,44,28,500,dungeon_cleared,146,5,20,11,19,0,2,10,49,5,9,0,0,0,0,0,7,11,6,112,1,3,0,0
25,aggressive_v1,44,28,500,dungeon_cleared,257,5,17,14,22,0,3,3,61,5,0,0,0,0,0,0,8,10,7,216,4,3,0,0
25,cautious_v1,44,28,500,player_defeated,163,3,0,7,9,0,2,1,55,4,2,0,0,0,0,0,2,7,5,135,3,0,0,0
26,aggressive_v1,44,28,500,dungeon_cleared,205,5,20,7,16,1,2,3,19,1,0,0,0,0,0,0,3,3,4,189,2,1,0,0
26,cautious_v1,44,28,500,dungeon_cleared,171,5,18,0,12,1,1,0,1,0,0,0,0,0,0,0,0,3,4,164,0,0,0,0
27,aggressive_v1,44,28,500,player_defeated,124,1,0,12,7,0,2,11,44,3,0,2,1,0,1,0,5,5,3,90,3,1,1,0
27,cautious_v1,44,28,500,player_defeated,170,1,0,8,4,0,2,3,36,2,4,2,0,2,0,0,1,3,2,149,2,0,1,0
28,aggressive_v1,44,28,500,dungeon_cleared,213,5,22,18,21,1,3,1,45,4,0,2,1,0,1,0,2,11,6,175,5,1,1,0
28,cautious_v1,44,28,500,dungeon_cleared,200,5,20,12,18,0,2,9,39,3,2,1,0,1,0,0,1,6,6,170,4,1,0,0
29,aggressive_v1,44,28,500,dungeon_cleared,197,5,20,6,17,1,2,5,38,3,0,0,0,0,0,0,6,7,5,166,1,2,0,0
29,cautious_v1,44,28,500,dungeon_cleared,147,5,20,5,17,3,2,5,14,1,8,0,0,0,0,0,3,4,7,132,1,2,0,0
30,aggressive_v1,44,28,500,dungeon_cleared,167,5,18,4,13,3,1,3,3,0,0,0,0,0,0,0,0,8,4,153,1,0,0,0
30,cautious_v1,44,28,500,dungeon_cleared,113,5,18,4,13,1,1,3,4,0,0,0,0,0,0,0,0,3,5,103,1,0,0,0
31,aggressive_v1,44,28,500,dungeon_cleared,168,5,22,20,23,0,3,5,33,3,0,2,1,0,1,0,8,7,5,133,3,3,1,0
31,cautious_v1,44,28,500,dungeon_cleared,146,5,20,7,17,0,2,5,21,2,11,0,0,0,0,0,4,5,6,112,1,1,1,0
32,aggressive_v1,44,28,500,dungeon_cleared,224,5,19,20,25,0,3,9,58,5,0,5,3,0,2,0,9,11,7,178,1,3,3,0
32,cautious_v1,44,28,500,dungeon_cleared,175,5,22,13,22,3,3,1,11,0,20,1,0,1,0,0,5,8,7,151,0,2,3,0
33,aggressive_v1,44,28,500,dungeon_cleared,146,5,20,4,15,3,2,0,14,1,0,1,1,0,0,0,0,6,5,129,1,0,1,0
33,cautious_v1,44,28,500,dungeon_cleared,115,5,20,4,15,2,2,0,4,0,0,2,0,1,1,0,0,3,4,102,1,0,1,0
34,aggressive_v1,44,28,500,dungeon_cleared,201,5,19,9,19,0,2,10,38,3,0,2,1,0,1,0,6,7,4,161,1,2,1,0
34,cautious_v1,44,28,500,dungeon_cleared,193,5,17,11,18,3,2,8,12,0,12,2,0,2,0,0,6,7,5,160,2,1,1,0
35,aggressive_v1,44,28,500,dungeon_cleared,125,5,18,0,12,2,1,0,0,0,0,0,0,0,0,0,0,4,4,115,0,0,0,0
35,cautious_v1,44,28,500,dungeon_cleared,99,5,18,0,12,0,1,0,0,0,0,0,0,0,0,0,0,2,4,93,0,0,0,0
36,aggressive_v1,44,28,500,dungeon_cleared,250,5,18,8,19,0,2,11,52,5,0,3,2,0,1,0,4,7,9,213,3,0,2,0
36,cautious_v1,44,28,500,dungeon_cleared,229,5,5,4,14,0,1,6,45,3,1,6,0,6,0,0,1,7,8,194,2,0,0,0
37,aggressive_v1,44,28,500,dungeon_cleared,190,5,16,9,16,0,2,3,40,4,0,0,0,0,0,0,3,7,6,142,2,1,0,0
37,cautious_v1,44,28,500,dungeon_cleared,173,5,18,5,14,1,1,6,17,2,5,0,0,0,0,0,4,4,8,140,2,0,0,0
38,aggressive_v1,44,28,500,player_defeated,68,2,0,4,4,0,1,3,26,1,0,0,0,0,0,0,0,4,1,44,1,0,0,0
38,cautious_v1,44,28,500,player_defeated,64,2,0,4,4,0,1,3,26,1,0,0,0,0,0,0,0,4,1,47,1,0,0,0
39,aggressive_v1,44,28,500,dungeon_cleared,110,5,18,0,12,2,1,0,0,0,0,0,0,0,0,0,0,6,4,100,0,0,0,0
39,cautious_v1,44,28,500,dungeon_cleared,82,5,18,0,12,0,1,0,0,0,0,0,0,0,0,0,0,2,4,76,0,0,0,0
40,aggressive_v1,44,28,500,dungeon_cleared,199,5,20,12,20,0,2,12,48,4,0,3,3,0,0,0,5,6,7,169,0,2,2,0
40,cautious_v1,44,28,500,dungeon_cleared,242,5,20,12,20,1,2,12,14,1,10,1,0,0,1,0,4,5,7,222,0,3,1,0
41,aggressive_v1,44,28,500,dungeon_cleared,253,5,19,11,21,1,2,15,40,3,0,4,2,0,2,0,8,9,5,189,1,2,2,0
41,cautious_v1,44,28,500,dungeon_cleared,237,5,14,12,22,0,3,2,34,2,13,2,0,1,1,0,6,5,7,175,2,2,2,0
42,aggressive_v1,44,28,500,dungeon_cleared,297,5,22,28,26,2,3,13,45,5,0,9,5,0,4,0,5,12,8,239,4,1,4,0
42,cautious_v1,44,28,500,dungeon_cleared,278,5,20,18,18,1,2,9,30,3,8,5,0,5,0,0,4,8,8,233,4,1,0,0
43,aggressive_v1,44,28,500,dungeon_cleared,171,5,20,10,18,2,2,8,30,2,0,2,2,0,0,0,4,8,5,144,2,1,1,0
43,cautious_v1,44,28,500,dungeon_cleared,139,5,20,9,17,2,2,5,17,1,8,0,0,0,0,0,2,6,5,122,1,1,1,0
44,aggressive_v1,44,28,500,dungeon_cleared,111,5,20,6,15,0,2,0,24,2,0,0,0,0,0,0,3,4,4,86,1,1,0,0
44,cautious_v1,44,28,500,dungeon_cleared,109,5,18,4,14,2,1,5,10,1,2,0,0,0,0,0,2,6,4,87,0,1,0,0
45,aggressive_v1,44,28,500,dungeon_cleared,203,5,17,13,21,0,2,15,53,5,0,3,2,0,1,0,5,11,7,167,1,3,1,0
45,cautious_v1,44,28,500,player_defeated,93,3,0,1,8,0,1,5,49,3,2,0,0,0,0,0,2,4,5,72,0,1,0,0
46,aggressive_v1,44,28,500,dungeon_cleared,217,5,22,13,21,1,3,0,55,5,0,5,4,0,1,0,3,11,6,179,3,1,2,0
46,cautious_v1,44,28,500,dungeon_cleared,134,5,16,7,16,0,2,3,28,2,0,3,0,2,1,0,1,2,6,114,2,0,1,0
47,aggressive_v1,44,28,500,dungeon_cleared,201,5,20,8,16,1,2,3,37,4,0,0,0,0,0,0,2,10,5,161,2,1,0,0
47,cautious_v1,44,28,500,dungeon_cleared,186,5,20,8,16,2,2,3,44,4,2,0,0,0,0,0,1,9,6,147,2,1,0,0
48,aggressive_v1,44,28,500,dungeon_cleared,290,5,22,17,24,0,3,7,53,6,0,4,3,0,1,0,9,10,9,220,2,3,2,0
48,cautious_v1,44,28,500,player_defeated,36,1,0,0,0,0,1,0,26,1,0,0,0,0,0,0,4,2,1,21,0,0,0,0
49,aggressive_v1,44,28,500,dungeon_cleared,155,5,19,9,20,0,2,13,32,2,0,4,4,0,0,0,1,4,6,129,2,0,3,0
49,cautious_v1,44,28,500,dungeon_cleared,159,5,20,5,16,2,2,3,19,2,3,3,0,3,0,0,1,9,5,131,2,0,1,0
50,aggressive_v1,44,28,500,dungeon_cleared,261,5,17,15,23,0,3,4,69,6,0,4,3,0,1,0,9,10,10,215,1,3,2,0
50,cautious_v1,44,28,500,dungeon_cleared,167,5,20,11,19,0,2,10,33,3,9,0,0,0,0,0,4,6,7,144,1,2,1,0
